-- phpMyAdmin SQL Dump
-- version 5.0.4
-- https://www.phpmyadmin.net/
--
-- Host: 127.0.0.1
-- Generation Time: Jun 08, 2021 at 04:50 PM
-- Server version: 10.4.17-MariaDB
-- PHP Version: 8.0.1

SET SQL_MODE = "NO_AUTO_VALUE_ON_ZERO";
START TRANSACTION;
SET time_zone = "+00:00";


/*!40101 SET @OLD_CHARACTER_SET_CLIENT=@@CHARACTER_SET_CLIENT */;
/*!40101 SET @OLD_CHARACTER_SET_RESULTS=@@CHARACTER_SET_RESULTS */;
/*!40101 SET @OLD_COLLATION_CONNECTION=@@COLLATION_CONNECTION */;
/*!40101 SET NAMES utf8mb4 */;

--
-- Database: `dbrestapi`
--

-- --------------------------------------------------------

--
-- Table structure for table `krs`
--

CREATE TABLE `krs` (
  `id_krs` int(11) NOT NULL,
  `tanggal_krs` date NOT NULL,
  `id_matakuliah` int(11) NOT NULL,
  `id_mahasiswa` int(11) NOT NULL
) ENGINE=InnoDB DEFAULT CHARSET=utf8mb4;

--
-- Dumping data for table `krs`
--

INSERT INTO `krs` (`id_krs`, `tanggal_krs`, `id_matakuliah`, `id_mahasiswa`) VALUES
(1, '2021-06-07', 3, 1),
(2, '2021-06-07', 4, 1),
(3, '2021-06-07', 6, 1),
(4, '2021-06-08', 3, 2),
(7, '2021-06-08', 2, 2);

-- --------------------------------------------------------

--
-- Table structure for table `mahasiswa`
--

CREATE TABLE `mahasiswa` (
  `id_mahasiswa` int(11) NOT NULL,
  `nim` varchar(20) NOT NULL,
  `nama` varchar(50) NOT NULL,
  `prodi` varchar(50) NOT NULL
) ENGINE=InnoDB DEFAULT CHARSET=utf8mb4;

--
-- Dumping data for table `mahasiswa`
--

INSERT INTO `mahasiswa` (`id_mahasiswa`, `nim`, `nama`, `prodi`) VALUES
(1, '195150307111048', 'M. Ihsan An-Nashir', 'Teknik Komputer'),
(2, '195150300111055', 'Dhimas Arfian Lazzuardhy', 'Teknik Komputer'),
(3, '195150301111035', 'La Ode Adriyan Hazmar', 'Teknik Komputer'),
(4, '195150301111037', 'Tobias Sion Julian Simangunsong', 'Teknik Komputer'),
(5, '195150307111046', 'Constantius Leonardo Pratama', 'Teknik Komputer'),
(7, '195150307111047', 'Indra Inaka', 'Teknik Komputer');

-- --------------------------------------------------------

--
-- Table structure for table `matakuliah`
--

CREATE TABLE `matakuliah` (
  `id_matakuliah` int(11) NOT NULL,
  `matakuliah` varchar(50) NOT NULL,
  `sks` int(11) NOT NULL
) ENGINE=InnoDB DEFAULT CHARSET=utf8mb4;

--
-- Dumping data for table `matakuliah`
--

INSERT INTO `matakuliah` (`id_matakuliah`, `matakuliah`, `sks`) VALUES
(1, 'Pemrograman Dasar', 5),
(2, 'Pemrograman Lanjut', 5),
(3, 'Pemrograman Aplikasi Web', 3),
(4, 'Embedded System', 4),
(5, 'Sistem Digital', 4),
(6, 'Sistem Operasi', 4);

--
-- Indexes for dumped tables
--

--
-- Indexes for table `krs`
--
ALTER TABLE `krs`
  ADD PRIMARY KEY (`id_krs`),
  ADD KEY `id_mahasiswa` (`id_mahasiswa`),
  ADD KEY `id_matakuliah` (`id_matakuliah`);

--
-- Indexes for table `mahasiswa`
--
ALTER TABLE `mahasiswa`
  ADD PRIMARY KEY (`id_mahasiswa`);

--
-- Indexes for table `matakuliah`
--
ALTER TABLE `matakuliah`
  ADD PRIMARY KEY (`id_matakuliah`);

--
-- AUTO_INCREMENT for dumped tables
--

--
-- AUTO_INCREMENT for table `krs`
--
ALTER TABLE `krs`
  MODIFY `id_krs` int(11) NOT NULL AUTO_INCREMENT, AUTO_INCREMENT=8;

--
-- AUTO_INCREMENT for table `mahasiswa`
--
ALTER TABLE `mahasiswa`
  MODIFY `id_mahasiswa` int(11) NOT NULL AUTO_INCREMENT, AUTO_INCREMENT=8;

--
-- AUTO_INCREMENT for table `matakuliah`
--
ALTER TABLE `matakuliah`
  MODIFY `id_matakuliah` int(11) NOT NULL AUTO_INCREMENT, AUTO_INCREMENT=7;

--
-- Constraints for dumped tables
--

--
-- Constraints for table `krs`
--
ALTER TABLE `krs`
  ADD CONSTRAINT `krs_ibfk_1` FOREIGN KEY (`id_mahasiswa`) REFERENCES `mahasiswa` (`id_mahasiswa`) ON DELETE CASCADE ON UPDATE CASCADE,
  ADD CONSTRAINT `krs_ibfk_2` FOREIGN KEY (`id_matakuliah`) REFERENCES `matakuliah` (`id_matakuliah`) ON DELETE CASCADE ON UPDATE CASCADE;
COMMIT;

/*!40101 SET CHARACTER_SET_CLIENT=@OLD_CHARACTER_SET_CLIENT */;
/*!40101 SET CHARACTER_SET_RESULTS=@OLD_CHARACTER_SET_RESULTS */;
/*!40101 SET COLLATION_CONNECTION=@OLD_COLLATION_CONNECTION */;
